{"cameraMode":{"drawMode":0,"name":"Shaded","section":"Shading Mode"},"sceneLighting":true,"audioPlay":false,"sceneViewState":{"m_AlwaysRefresh":false,"showFog":true,"showSkybox":true,"showFlares":true,"showImageEffects":true,"showParticleSystems":true,"showVisualEffectGraphs":true,"m_FxEnabled":true},"in2DMode":false,"pivot":{"x":0.22513572871685029,"y":1.1428053379058838,"z":14.383600234985352},"rotation":{"x":-0.28985798358917239,"y":0.005411659833043814,"z":-0.0011853969190269709,"w":-0.9573346376419067},"size":3.5195369720458986,"orthographic":false}