{"cameraMode":{"drawMode":0,"name":"Shaded","section":"Shading Mode"},"sceneLighting":true,"audioPlay":false,"sceneViewState":{"m_AlwaysRefresh":false,"showFog":true,"showSkybox":true,"showFlares":true,"showImageEffects":true,"showParticleSystems":true,"showVisualEffectGraphs":true,"m_FxEnabled":true},"in2DMode":false,"pivot":{"x":14.157790184020996,"y":-9.625784873962403,"z":18.20844841003418},"rotation":{"x":0.29763153195381167,"y":0.30540281534194949,"z":-0.10133000463247299,"w":0.8989302515983582},"size":9.917086601257325,"orthographic":false}