{"cameraMode":{"drawMode":0,"name":"Shaded","section":"Shading Mode"},"sceneLighting":true,"audioPlay":false,"sceneViewState":{"m_AlwaysRefresh":false,"showFog":true,"showSkybox":true,"showFlares":true,"showImageEffects":true,"showParticleSystems":true,"showVisualEffectGraphs":true,"m_FxEnabled":true},"in2DMode":false,"pivot":{"x":5.207211971282959,"y":1.0029629468917847,"z":7.479308128356934},"rotation":{"x":0.17446859180927277,"y":0.47832706570625307,"z":-0.09769655019044876,"w":0.8552066683769226},"size":0.8660253882408142,"orthographic":false}