{"cameraMode":{"drawMode":0,"name":"Shaded","section":"Shading Mode"},"sceneLighting":false,"audioPlay":false,"sceneViewState":{"m_AlwaysRefresh":false,"showFog":false,"showSkybox":false,"showFlares":false,"showImageEffects":false,"showParticleSystems":false,"showVisualEffectGraphs":true,"m_FxEnabled":true},"in2DMode":false,"pivot":{"x":0.0001583099365234375,"y":1.177652359008789,"z":0.08964306116104126},"rotation":{"x":-0.0651187002658844,"y":0.9317941069602966,"z":-0.21003800630569459,"w":-0.28884604573249819},"size":1.6870776414871216,"orthographic":false}