{"cameraMode":{"drawMode":0,"name":"Shaded","section":"Shading Mode"},"sceneLighting":false,"audioPlay":false,"sceneViewState":{"m_AlwaysRefresh":false,"showFog":true,"showSkybox":false,"showFlares":true,"showImageEffects":true,"showParticleSystems":true,"showVisualEffectGraphs":true,"m_FxEnabled":true},"in2DMode":false,"pivot":{"x":0.8022216558456421,"y":1.358799934387207,"z":0.15861409902572633},"rotation":{"x":0.08505591005086899,"y":-0.08895444869995117,"z":0.007623725570738316,"w":0.9923778772354126},"size":2.3788414001464845,"orthographic":false}