{"cameraMode":{"drawMode":0,"name":"Shaded","section":"Shading Mode"},"sceneLighting":true,"audioPlay":false,"sceneViewState":{"m_AlwaysRefresh":false,"showFog":true,"showSkybox":false,"showFlares":true,"showImageEffects":true,"showParticleSystems":true,"showVisualEffectGraphs":true,"m_FxEnabled":true},"in2DMode":false,"pivot":{"x":-2.8500001430511476,"y":2.755000114440918,"z":-11.360000610351563},"rotation":{"x":-0.3048204779624939,"y":0.03205754607915878,"z":-0.010211646556854248,"w":-0.9518833160400391},"size":12.173628807067871,"orthographic":false}